Glueh;Glueh;14
Glueh;Led;9
Glueh;Halogen;35
Glueh;Spar;13
Glueh;Leucht;29
Glueh;;
Glueh;;
Glueh;;
Glueh;;
Glueh;;
Glueh;;
Glueh;;
Glueh;;
Glueh;;
Led;;
Led;;
Led;;
Led;;
Led;;
Led;;
Led;;
Led;;
Led;;
Halogen;;
Halogen;;
Halogen;;
Halogen;;
Halogen;;
Halogen;;
Halogen;;
Halogen;;
Halogen;;
Halogen;;
Halogen;;
Halogen;;
Halogen;;
Halogen;;
Halogen;;
Halogen;;
Halogen;;
Halogen;;
Halogen;;
Halogen;;
Halogen;;
Halogen;;
Halogen;;
Halogen;;
Halogen;;
Halogen;;
Halogen;;
Halogen;;
Halogen;;
Halogen;;
Halogen;;
Halogen;;
Halogen;;
Halogen;;
Halogen;;
Spar;;
Spar;;
Spar;;
Spar;;
Spar;;
Spar;;
Spar;;
Spar;;
Spar;;
Spar;;
Spar;;
Spar;;
Spar;;
Leucht;;
Leucht;;
Leucht;;
Leucht;;
Leucht;;
Leucht;;
Leucht;;
Leucht;;
Leucht;;
Leucht;;
Leucht;;
Leucht;;
Leucht;;
Leucht;;
Leucht;;
Leucht;;
Leucht;;
Leucht;;
Leucht;;
Leucht;;
Leucht;;
Leucht;;
Leucht;;
Leucht;;
Leucht;;
Leucht;;
Leucht;;
Leucht;;
Leucht;;
